{
  "project_info": {
    "project_number": "528157491027",
    "project_id": "photoshare-fd9fc",
    "storage_bucket": "photoshare-fd9fc.appspot.com"
  },
  "client": [
    {
      "client_info": {
        "mobilesdk_app_id": "1:528157491027:android:6102fd4076f4e75b0baba6",
        "android_client_info": {
          "package_name": "com.programovil.misservicios1"
        }
      },
      "oauth_client": [
        {
          "client_id": "528157491027-fe1c7t0poqi6975nn9n8vlad2fi1dhph.apps.googleusercontent.com",
          "client_type": 1,
          "android_info": {
            "package_name": "com.programovil.misservicios1",
            "certificate_hash": "2afd93654fa8dc938c425e2cdcce684e8cf1e12d"
          }
        },
        {
          "client_id": "528157491027-a153mrs5i3ftbmkcl7qffhl7gmfh019r.apps.googleusercontent.com",
          "client_type": 3
        }
      ],
      "api_key": [
        {
          "current_key": "AIzaSyDE62KTN83H5qb3u9KUlehlxjbXHbWnMCc"
        }
      ],
      "services": {
        "appinvite_service": {
          "other_platform_oauth_client": [
            {
              "client_id": "528157491027-a153mrs5i3ftbmkcl7qffhl7gmfh019r.apps.googleusercontent.com",
              "client_type": 3
            }
          ]
        }
      }
    },
    {
      "client_info": {
        "mobilesdk_app_id": "1:528157491027:android:e0440d724da261a60baba6",
        "android_client_info": {
          "package_name": "com.programovil.misservicios2"
        }
      },
      "oauth_client": [
        {
          "client_id": "528157491027-a153mrs5i3ftbmkcl7qffhl7gmfh019r.apps.googleusercontent.com",
          "client_type": 3
        }
      ],
      "api_key": [
        {
          "current_key": "AIzaSyDE62KTN83H5qb3u9KUlehlxjbXHbWnMCc"
        }
      ],
      "services": {
        "appinvite_service": {
          "other_platform_oauth_client": [
            {
              "client_id": "528157491027-a153mrs5i3ftbmkcl7qffhl7gmfh019r.apps.googleusercontent.com",
              "client_type": 3
            }
          ]
        }
      }
    }
  ],
  "configuration_version": "1"
}